{"cameraMode":{"drawMode":0,"name":"Shaded","section":"Shading Mode"},"sceneLighting":true,"audioPlay":false,"sceneViewState":{"m_AlwaysRefresh":false,"showFog":true,"showSkybox":true,"showFlares":true,"showImageEffects":true,"showParticleSystems":true,"showVisualEffectGraphs":true,"m_FxEnabled":true},"in2DMode":false,"pivot":{"x":994.162841796875,"y":673.0266723632813,"z":-143.0457763671875},"rotation":{"x":0.03928561136126518,"y":-0.026979856193065645,"z":0.0010626093717291952,"w":0.9988621473312378},"size":799.7470092773438,"orthographic":false}